{
  "age": 19.22962962962963,
  "math score": 51.10644444444444,
  "reading score": 48.644444444444446,
  "physics score": 51.90192592592593,
  "writing score": 44.94814814814815
}